timestamp,elapsed_seconds,system_memory_total_gb,system_memory_used_gb,system_memory_percent,system_memory_available_gb,system_memory_cached_gb,system_memory_buffers_gb,system_swap_total_gb,system_swap_used_gb,system_swap_percent,anem.py_pid,anem.py_memory_mb,anem.py_memory_percent,anem.py_cpu_percent,anem.py_status,pwm.py_pid,pwm.py_memory_mb,pwm.py_memory_percent,pwm.py_cpu_percent,pwm.py_status,gps.py_pid,gps.py_memory_mb,gps.py_memory_percent,gps.py_cpu_percent,gps.py_status,imu.py_pid,imu.py_memory_mb,imu.py_memory_percent,imu.py_cpu_percent,imu.py_status,control.py_pid,control.py_memory_mb,control.py_memory_percent,control.py_cpu_percent,control.py_status,battery_water.py_pid,battery_water.py_memory_mb,battery_water.py_memory_percent,battery_water.py_cpu_percent,battery_water.py_status,temp_monitor.py_pid,temp_monitor.py_memory_mb,temp_monitor.py_memory_percent,temp_monitor.py_cpu_percent,temp_monitor.py_status
2025-09-15 04:00:07,0.0,1.94,1.03,58.7,0.80,0.56,0.15,0.97,0.26,26.8,,0.0,0.00,0.0,STOPPED,,0.0,0.00,0.0,STOPPED,,0.0,0.00,0.0,STOPPED,,0.0,0.00,0.0,STOPPED,,0.0,0.00,0.0,STOPPED,,0.0,0.00,0.0,STOPPED,,0.0,0.00,0.0,STOPPED
2025-09-15 04:00:18,10.3,1.94,1.04,59.0,0.79,0.56,0.15,0.97,0.26,26.8,,0.0,0.00,0.0,STOPPED,,0.0,0.00,0.0,STOPPED,,0.0,0.00,0.0,STOPPED,,0.0,0.00,0.0,STOPPED,,0.0,0.00,0.0,STOPPED,,0.0,0.00,0.0,STOPPED,,0.0,0.00,0.0,STOPPED
2025-09-15 04:00:28,20.5,1.94,1.04,59.1,0.79,0.56,0.15,0.97,0.26,26.8,,0.0,0.00,0.0,STOPPED,,0.0,0.00,0.0,STOPPED,,0.0,0.00,0.0,STOPPED,,0.0,0.00,0.0,STOPPED,,0.0,0.00,0.0,STOPPED,,0.0,0.00,0.0,STOPPED,,0.0,0.00,0.0,STOPPED
2025-09-15 04:00:38,30.8,1.94,1.04,59.1,0.79,0.56,0.15,0.97,0.26,26.8,,0.0,0.00,0.0,STOPPED,,0.0,0.00,0.0,STOPPED,,0.0,0.00,0.0,STOPPED,,0.0,0.00,0.0,STOPPED,,0.0,0.00,0.0,STOPPED,,0.0,0.00,0.0,STOPPED,,0.0,0.00,0.0,STOPPED
2025-09-15 04:00:48,41.0,1.94,1.05,59.3,0.79,0.56,0.15,0.97,0.26,26.8,,0.0,0.00,0.0,STOPPED,,0.0,0.00,0.0,STOPPED,,0.0,0.00,0.0,STOPPED,,0.0,0.00,0.0,STOPPED,,0.0,0.00,0.0,STOPPED,,0.0,0.00,0.0,STOPPED,,0.0,0.00,0.0,STOPPED
2025-09-15 04:00:59,51.3,1.94,1.05,59.7,0.78,0.56,0.15,0.97,0.26,26.8,,0.0,0.00,0.0,STOPPED,,0.0,0.00,0.0,STOPPED,,0.0,0.00,0.0,STOPPED,,0.0,0.00,0.0,STOPPED,,0.0,0.00,0.0,STOPPED,,0.0,0.00,0.0,STOPPED,,0.0,0.00,0.0,STOPPED
2025-09-15 04:01:09,61.5,1.94,1.05,59.7,0.78,0.56,0.15,0.97,0.26,26.8,,0.0,0.00,0.0,STOPPED,,0.0,0.00,0.0,STOPPED,,0.0,0.00,0.0,STOPPED,,0.0,0.00,0.0,STOPPED,,0.0,0.00,0.0,STOPPED,,0.0,0.00,0.0,STOPPED,,0.0,0.00,0.0,STOPPED
2025-09-15 04:01:19,71.7,1.94,1.05,59.7,0.78,0.56,0.15,0.97,0.26,26.8,,0.0,0.00,0.0,STOPPED,,0.0,0.00,0.0,STOPPED,,0.0,0.00,0.0,STOPPED,,0.0,0.00,0.0,STOPPED,,0.0,0.00,0.0,STOPPED,,0.0,0.00,0.0,STOPPED,,0.0,0.00,0.0,STOPPED
2025-09-15 04:01:29,81.9,1.94,1.25,70.1,0.58,0.50,0.14,0.97,0.26,27.0,177329,50.5,2.54,0.0,RUNNING,177331,52.8,2.66,0.0,RUNNING,177333,53.1,2.68,0.0,RUNNING,177335,51.4,2.59,0.0,RUNNING,177337,51.9,2.61,0.0,RUNNING,177339,47.6,2.40,2114.4,RUNNING,177341,39.5,1.99,0.0,RUNNING
2025-09-15 04:01:40,92.4,1.94,1.26,70.6,0.57,0.50,0.14,0.97,0.26,27.1,,0.0,0.00,0.0,STOPPED,177331,52.9,2.66,0.0,RUNNING,177333,53.3,2.68,0.0,RUNNING,177335,52.5,2.64,0.0,RUNNING,177337,53.1,2.67,0.0,RUNNING,177339,72.4,3.64,0.0,RUNNING,177341,39.6,1.99,0.0,RUNNING
2025-09-15 04:01:50,102.6,1.94,1.13,63.8,0.70,0.50,0.14,0.97,0.26,27.1,,0.0,0.00,0.0,STOPPED,177331,52.9,2.66,0.0,RUNNING,177333,53.3,2.68,0.0,RUNNING,177335,52.5,2.64,0.0,RUNNING,177337,53.1,2.67,0.0,RUNNING,177339,72.4,3.64,0.0,RUNNING,177341,39.6,1.99,0.0,RUNNING
2025-09-15 04:02:00,113.0,1.94,0.60,36.3,1.24,0.50,0.14,0.97,0.26,27.1,,0.0,0.00,0.0,STOPPED,177331,53.0,2.67,0.0,RUNNING,177333,53.3,2.68,0.0,RUNNING,177335,52.5,2.64,0.0,RUNNING,177337,53.1,2.67,0.0,RUNNING,177339,72.4,3.64,0.0,RUNNING,177341,39.6,1.99,0.0,RUNNING
2025-09-15 04:02:10,123.2,1.94,0.60,36.3,1.24,0.50,0.14,0.97,0.26,27.1,,0.0,0.00,0.0,STOPPED,177331,53.0,2.67,0.0,RUNNING,177333,53.3,2.68,0.0,RUNNING,177335,52.5,2.64,0.0,RUNNING,177337,53.1,2.67,0.0,RUNNING,177339,72.4,3.64,0.0,RUNNING,177341,39.6,1.99,0.0,RUNNING
2025-09-15 04:02:21,133.4,1.94,0.60,36.2,1.24,0.50,0.14,0.97,0.26,27.1,,0.0,0.00,0.0,STOPPED,177331,53.0,2.67,0.0,RUNNING,177333,53.3,2.68,0.0,RUNNING,177335,52.5,2.64,0.0,RUNNING,177337,53.4,2.69,0.0,RUNNING,177339,72.4,3.64,0.0,RUNNING,177341,39.6,1.99,0.0,RUNNING
2025-09-15 04:02:31,143.6,1.94,0.60,36.2,1.24,0.50,0.14,0.97,0.26,27.1,,0.0,0.00,0.0,STOPPED,177331,53.0,2.67,0.0,RUNNING,177333,53.3,2.68,0.0,RUNNING,177335,52.5,2.64,0.0,RUNNING,177337,53.4,2.69,0.0,RUNNING,177339,72.4,3.64,0.0,RUNNING,177341,39.7,2.00,0.0,RUNNING
2025-09-15 04:02:41,153.9,1.94,0.59,36.1,1.24,0.50,0.14,0.97,0.26,27.0,,0.0,0.00,0.0,STOPPED,177331,53.0,2.67,0.0,RUNNING,177333,53.3,2.68,0.0,RUNNING,177335,52.5,2.64,0.0,RUNNING,177337,53.4,2.69,0.0,RUNNING,177339,72.4,3.64,0.0,RUNNING,177341,39.7,2.00,0.0,RUNNING
2025-09-15 04:02:51,164.1,1.94,0.59,36.1,1.24,0.50,0.14,0.97,0.26,27.0,,0.0,0.00,0.0,STOPPED,177331,53.0,2.67,0.0,RUNNING,177333,53.3,2.68,0.0,RUNNING,177335,52.5,2.64,0.0,RUNNING,177337,53.4,2.69,0.0,RUNNING,177339,72.4,3.64,0.0,RUNNING,177341,39.7,2.00,0.0,RUNNING
2025-09-15 04:03:02,174.3,1.94,0.59,36.1,1.24,0.50,0.14,0.97,0.26,27.0,,0.0,0.00,0.0,STOPPED,177331,53.0,2.67,0.0,RUNNING,177333,53.3,2.68,0.0,RUNNING,177335,52.5,2.64,0.0,RUNNING,177337,53.4,2.69,0.0,RUNNING,177339,72.4,3.64,0.0,RUNNING,177341,39.7,2.00,0.0,RUNNING
2025-09-15 04:03:12,184.5,1.94,0.59,36.1,1.24,0.50,0.14,0.97,0.26,27.0,,0.0,0.00,0.0,STOPPED,177331,53.0,2.67,0.0,RUNNING,177333,53.3,2.68,0.0,RUNNING,177335,52.5,2.64,0.0,RUNNING,177337,53.4,2.69,0.0,RUNNING,177339,72.4,3.64,0.0,RUNNING,177341,39.7,2.00,0.0,RUNNING
2025-09-15 04:03:22,194.7,1.94,0.59,36.1,1.24,0.50,0.14,0.97,0.26,26.8,,0.0,0.00,0.0,STOPPED,177331,53.0,2.67,0.0,RUNNING,177333,53.3,2.68,0.0,RUNNING,177335,52.5,2.64,0.0,RUNNING,177337,53.4,2.69,0.0,RUNNING,177339,72.4,3.64,0.0,RUNNING,177341,39.7,2.00,0.0,RUNNING
2025-09-15 04:03:32,205.0,1.94,0.59,36.1,1.24,0.50,0.14,0.97,0.26,26.8,,0.0,0.00,0.0,STOPPED,177331,53.0,2.67,0.0,RUNNING,177333,53.3,2.68,0.0,RUNNING,177335,52.5,2.64,0.0,RUNNING,177337,53.4,2.69,0.0,RUNNING,177339,72.4,3.64,0.0,RUNNING,177341,39.7,2.00,0.0,RUNNING
2025-09-15 04:03:42,215.2,1.94,0.59,36.1,1.24,0.50,0.14,0.97,0.26,26.8,,0.0,0.00,0.0,STOPPED,177331,53.0,2.67,0.0,RUNNING,177333,53.3,2.68,0.0,RUNNING,177335,52.5,2.64,0.0,RUNNING,177337,53.4,2.69,0.0,RUNNING,177339,72.4,3.64,0.0,RUNNING,177341,39.7,2.00,0.0,RUNNING
2025-09-15 04:03:53,225.5,1.94,0.59,36.1,1.24,0.50,0.14,0.97,0.26,26.8,,0.0,0.00,0.0,STOPPED,177331,53.0,2.67,0.0,RUNNING,177333,53.3,2.68,0.0,RUNNING,177335,52.5,2.64,0.0,RUNNING,177337,53.4,2.69,0.0,RUNNING,177339,72.4,3.64,0.0,RUNNING,177341,39.7,2.00,0.0,RUNNING
2025-09-15 04:04:03,235.7,1.94,0.59,36.1,1.24,0.50,0.14,0.97,0.26,26.8,,0.0,0.00,0.0,STOPPED,177331,53.0,2.67,0.0,RUNNING,177333,53.3,2.68,0.0,RUNNING,177335,52.5,2.64,0.0,RUNNING,177337,53.4,2.69,0.0,RUNNING,177339,72.4,3.64,0.0,RUNNING,177341,39.7,2.00,0.0,RUNNING
2025-09-15 04:04:13,245.9,1.94,0.59,36.1,1.24,0.50,0.14,0.97,0.26,26.8,,0.0,0.00,0.0,STOPPED,177331,53.0,2.67,0.0,RUNNING,177333,53.3,2.68,0.0,RUNNING,177335,52.5,2.64,0.0,RUNNING,177337,53.4,2.69,0.0,RUNNING,177339,72.4,3.64,0.0,RUNNING,177341,39.7,2.00,0.0,RUNNING
2025-09-15 04:04:23,256.1,1.94,0.59,36.1,1.24,0.50,0.14,0.97,0.26,26.8,,0.0,0.00,0.0,STOPPED,177331,53.0,2.67,0.0,RUNNING,177333,53.3,2.68,0.0,RUNNING,177335,52.5,2.64,0.0,RUNNING,177337,53.4,2.69,0.0,RUNNING,177339,72.4,3.64,0.0,RUNNING,177341,39.7,2.00,0.0,RUNNING
2025-09-15 04:04:34,266.3,1.94,0.59,36.1,1.24,0.50,0.14,0.97,0.26,26.8,,0.0,0.00,0.0,STOPPED,177331,53.0,2.67,0.0,RUNNING,177333,53.3,2.68,0.0,RUNNING,177335,52.5,2.64,0.0,RUNNING,177337,53.4,2.69,0.0,RUNNING,177339,72.4,3.64,0.0,RUNNING,177341,39.7,2.00,0.0,RUNNING
2025-09-15 04:04:44,276.6,1.94,0.59,36.1,1.24,0.50,0.14,0.97,0.26,26.8,,0.0,0.00,0.0,STOPPED,177331,53.0,2.67,0.0,RUNNING,177333,53.3,2.68,0.0,RUNNING,177335,52.5,2.64,0.0,RUNNING,177337,53.4,2.69,0.0,RUNNING,177339,72.4,3.64,0.0,RUNNING,177341,39.7,2.00,0.0,RUNNING
2025-09-15 04:04:54,286.8,1.94,0.59,36.1,1.24,0.50,0.14,0.97,0.26,26.8,,0.0,0.00,0.0,STOPPED,177331,53.0,2.67,0.0,RUNNING,177333,53.3,2.68,0.0,RUNNING,177335,52.5,2.64,0.0,RUNNING,177337,53.4,2.69,0.0,RUNNING,177339,72.4,3.64,0.0,RUNNING,177341,39.7,2.00,0.0,RUNNING
2025-09-15 04:05:04,297.0,1.94,0.59,36.0,1.24,0.50,0.14,0.97,0.26,26.8,,0.0,0.00,0.0,STOPPED,177331,53.0,2.67,0.0,RUNNING,177333,53.3,2.68,0.0,RUNNING,177335,52.5,2.64,0.0,RUNNING,177337,53.4,2.69,0.0,RUNNING,177339,72.4,3.64,0.0,RUNNING,177341,39.7,2.00,0.0,RUNNING
2025-09-15 04:05:15,307.3,1.94,0.59,36.0,1.24,0.50,0.14,0.97,0.26,26.8,,0.0,0.00,0.0,STOPPED,177331,53.0,2.67,0.0,RUNNING,177333,53.3,2.68,0.0,RUNNING,177335,52.5,2.64,0.0,RUNNING,177337,53.4,2.69,0.0,RUNNING,177339,72.4,3.64,0.0,RUNNING,177341,39.7,2.00,0.0,RUNNING
2025-09-15 04:05:25,317.5,1.94,0.59,36.0,1.24,0.50,0.14,0.97,0.26,26.8,,0.0,0.00,0.0,STOPPED,177331,53.0,2.67,0.0,RUNNING,177333,53.3,2.68,0.0,RUNNING,177335,52.5,2.64,0.0,RUNNING,177337,53.4,2.69,0.0,RUNNING,177339,72.4,3.64,0.0,RUNNING,177341,39.7,2.00,0.0,RUNNING
2025-09-15 04:05:35,327.7,1.94,0.59,36.0,1.24,0.50,0.14,0.97,0.26,26.8,,0.0,0.00,0.0,STOPPED,177331,53.0,2.67,0.0,RUNNING,177333,53.3,2.68,0.0,RUNNING,177335,52.5,2.64,0.0,RUNNING,177337,53.4,2.69,0.0,RUNNING,177339,72.4,3.64,0.0,RUNNING,177341,39.7,2.00,0.0,RUNNING
2025-09-15 04:05:45,338.0,1.94,0.59,36.0,1.24,0.50,0.14,0.97,0.26,26.8,,0.0,0.00,0.0,STOPPED,177331,53.0,2.67,0.0,RUNNING,177333,53.3,2.68,0.0,RUNNING,177335,52.5,2.64,0.0,RUNNING,177337,53.4,2.69,0.0,RUNNING,177339,72.4,3.64,0.0,RUNNING,177341,39.7,2.00,0.0,RUNNING
2025-09-15 04:05:55,348.2,1.94,0.59,36.0,1.24,0.51,0.14,0.97,0.26,26.6,,0.0,0.00,0.0,STOPPED,177331,53.0,2.67,0.0,RUNNING,177333,53.3,2.68,0.0,RUNNING,177335,52.5,2.64,0.0,RUNNING,177337,53.4,2.69,0.0,RUNNING,177339,72.4,3.64,0.0,RUNNING,177341,39.7,2.00,0.0,RUNNING
2025-09-15 04:06:06,358.4,1.94,0.59,36.0,1.24,0.51,0.14,0.97,0.26,26.6,,0.0,0.00,0.0,STOPPED,177331,53.0,2.67,0.0,RUNNING,177333,53.3,2.68,0.0,RUNNING,177335,52.5,2.64,0.0,RUNNING,177337,53.4,2.69,3098.8,RUNNING,177339,72.4,3.64,0.0,RUNNING,177341,39.7,2.00,0.0,RUNNING
2025-09-15 04:06:16,368.6,1.94,0.59,36.0,1.24,0.51,0.14,0.97,0.26,26.6,,0.0,0.00,0.0,STOPPED,177331,53.0,2.67,0.0,RUNNING,177333,53.3,2.68,0.0,RUNNING,177335,52.5,2.64,0.0,RUNNING,177337,53.4,2.69,0.0,RUNNING,177339,72.4,3.64,0.0,RUNNING,177341,39.7,2.00,0.0,RUNNING
2025-09-15 04:06:26,378.9,1.94,0.59,36.0,1.24,0.51,0.14,0.97,0.26,26.6,,0.0,0.00,0.0,STOPPED,177331,53.0,2.67,0.0,RUNNING,177333,53.3,2.68,0.0,RUNNING,177335,52.5,2.64,0.0,RUNNING,177337,53.4,2.69,0.0,RUNNING,177339,72.4,3.64,0.0,RUNNING,177341,39.7,2.00,0.0,RUNNING
2025-09-15 04:06:36,389.1,1.94,0.58,35.6,1.25,0.51,0.14,0.97,0.26,26.6,,0.0,0.00,0.0,STOPPED,177331,53.0,2.67,0.0,RUNNING,177333,53.3,2.68,0.0,RUNNING,177335,52.5,2.64,0.0,RUNNING,177337,53.4,2.69,0.0,RUNNING,177339,72.4,3.64,0.0,RUNNING,177341,39.7,2.00,0.0,RUNNING
2025-09-15 04:06:47,399.3,1.94,0.58,35.6,1.25,0.51,0.14,0.97,0.26,26.6,,0.0,0.00,0.0,STOPPED,177331,53.0,2.67,0.0,RUNNING,177333,53.3,2.68,0.0,RUNNING,177335,52.5,2.64,0.0,RUNNING,177337,53.4,2.69,0.0,RUNNING,177339,72.4,3.64,0.0,RUNNING,177341,39.7,2.00,0.0,RUNNING
2025-09-15 04:06:57,409.5,1.94,0.50,31.7,1.32,0.51,0.14,0.97,0.26,26.6,,0.0,0.00,0.0,STOPPED,177331,53.0,2.67,0.0,RUNNING,177333,53.3,2.68,0.0,RUNNING,177335,52.5,2.64,0.0,RUNNING,177337,53.4,2.69,0.0,RUNNING,177339,72.4,3.64,0.0,RUNNING,177341,39.7,2.00,0.0,RUNNING
2025-09-15 04:07:07,419.8,1.94,0.51,31.7,1.32,0.51,0.14,0.97,0.26,26.6,,0.0,0.00,0.0,STOPPED,177331,53.0,2.67,0.0,RUNNING,177333,53.3,2.68,0.0,RUNNING,177335,52.5,2.64,0.0,RUNNING,177337,53.4,2.69,0.0,RUNNING,177339,72.4,3.64,0.0,RUNNING,177341,39.7,2.00,0.0,RUNNING
2025-09-15 04:07:17,430.0,1.94,0.51,31.8,1.32,0.51,0.14,0.97,0.26,26.6,,0.0,0.00,0.0,STOPPED,177331,53.0,2.67,0.0,RUNNING,177333,53.3,2.68,0.0,RUNNING,177335,52.5,2.64,0.0,RUNNING,177337,53.4,2.69,0.0,RUNNING,177339,72.4,3.64,0.0,RUNNING,177341,39.7,2.00,0.0,RUNNING
2025-09-15 04:07:27,440.2,1.94,0.51,31.8,1.32,0.51,0.14,0.97,0.26,26.6,,0.0,0.00,0.0,STOPPED,177331,53.0,2.67,0.0,RUNNING,177333,53.3,2.68,0.0,RUNNING,177335,52.5,2.64,0.0,RUNNING,177337,53.4,2.69,0.0,RUNNING,177339,72.4,3.64,0.0,RUNNING,177341,39.7,2.00,0.0,RUNNING
2025-09-15 04:07:38,450.4,1.94,0.51,31.8,1.32,0.51,0.14,0.97,0.26,26.6,,0.0,0.00,0.0,STOPPED,177331,53.0,2.67,0.0,RUNNING,177333,53.3,2.68,0.0,RUNNING,177335,52.5,2.64,0.0,RUNNING,177337,53.4,2.69,0.0,RUNNING,177339,72.4,3.64,0.0,RUNNING,177341,39.7,2.00,0.0,RUNNING
2025-09-15 04:07:48,460.7,1.94,0.51,31.8,1.32,0.51,0.14,0.97,0.26,26.6,,0.0,0.00,0.0,STOPPED,177331,53.0,2.67,0.0,RUNNING,177333,53.3,2.68,0.0,RUNNING,177335,52.5,2.64,0.0,RUNNING,177337,53.4,2.69,0.0,RUNNING,177339,72.4,3.64,0.0,RUNNING,177341,39.7,2.00,0.0,RUNNING
2025-09-15 04:07:58,470.8,1.94,0.51,31.8,1.32,0.51,0.14,0.97,0.26,26.6,,0.0,0.00,0.0,STOPPED,177331,53.0,2.67,0.0,RUNNING,177333,53.3,2.68,0.0,RUNNING,177335,52.5,2.64,0.0,RUNNING,177337,53.4,2.69,0.0,RUNNING,177339,72.4,3.64,0.0,RUNNING,177341,39.7,2.00,0.0,RUNNING
2025-09-15 04:08:08,481.1,1.94,0.51,31.8,1.32,0.51,0.14,0.97,0.26,26.6,,0.0,0.00,0.0,STOPPED,177331,53.0,2.67,0.0,RUNNING,177333,53.3,2.68,0.0,RUNNING,177335,52.5,2.64,0.0,RUNNING,177337,53.4,2.69,0.0,RUNNING,177339,72.4,3.64,0.0,RUNNING,177341,39.7,2.00,0.0,RUNNING
2025-09-15 04:08:19,491.3,1.94,0.51,31.8,1.32,0.51,0.14,0.97,0.26,26.6,,0.0,0.00,0.0,STOPPED,177331,53.0,2.67,0.0,RUNNING,177333,53.3,2.68,0.0,RUNNING,177335,52.5,2.64,0.0,RUNNING,177337,53.4,2.69,0.0,RUNNING,177339,72.4,3.64,0.0,RUNNING,177341,39.7,2.00,0.0,RUNNING
2025-09-15 04:08:29,501.5,1.94,0.51,31.8,1.32,0.51,0.14,0.97,0.26,26.6,,0.0,0.00,0.0,STOPPED,177331,53.0,2.67,0.0,RUNNING,177333,53.3,2.68,0.0,RUNNING,177335,52.5,2.64,0.0,RUNNING,177337,53.4,2.69,0.0,RUNNING,177339,72.4,3.64,0.0,RUNNING,177341,39.7,2.00,0.0,RUNNING
2025-09-15 04:08:39,511.7,1.94,0.51,31.8,1.32,0.51,0.14,0.97,0.26,26.5,,0.0,0.00,0.0,STOPPED,177331,53.0,2.67,0.0,RUNNING,177333,53.3,2.68,0.0,RUNNING,177335,52.5,2.64,0.0,RUNNING,177337,53.4,2.69,0.0,RUNNING,177339,72.4,3.64,0.0,RUNNING,177341,39.7,2.00,0.0,RUNNING
2025-09-15 04:08:49,521.9,1.94,0.51,31.9,1.32,0.51,0.14,0.97,0.26,26.5,,0.0,0.00,0.0,STOPPED,177331,53.0,2.67,0.0,RUNNING,177333,53.3,2.68,0.0,RUNNING,177335,52.5,2.64,0.0,RUNNING,177337,53.4,2.69,0.0,RUNNING,177339,72.4,3.64,0.0,RUNNING,177341,39.7,2.00,0.0,RUNNING
2025-09-15 04:08:59,532.1,1.94,0.51,31.9,1.32,0.51,0.14,0.97,0.26,26.5,,0.0,0.00,0.0,STOPPED,177331,53.0,2.67,0.0,RUNNING,177333,53.3,2.68,0.0,RUNNING,177335,52.5,2.64,0.0,RUNNING,177337,53.4,2.69,0.0,RUNNING,177339,72.4,3.64,0.0,RUNNING,177341,39.7,2.00,0.0,RUNNING
2025-09-15 04:09:10,542.3,1.94,0.51,31.9,1.32,0.51,0.14,0.97,0.26,26.5,,0.0,0.00,0.0,STOPPED,177331,53.0,2.67,0.0,RUNNING,177333,53.3,2.68,0.0,RUNNING,177335,52.5,2.64,0.0,RUNNING,177337,53.4,2.69,0.0,RUNNING,177339,72.4,3.64,0.0,RUNNING,177341,39.7,2.00,0.0,RUNNING
2025-09-15 04:09:20,552.5,1.94,0.51,31.9,1.32,0.51,0.14,0.97,0.26,26.5,,0.0,0.00,0.0,STOPPED,177331,53.0,2.67,0.0,RUNNING,177333,53.3,2.68,0.0,RUNNING,177335,52.5,2.64,0.0,RUNNING,177337,53.4,2.69,0.0,RUNNING,177339,72.4,3.64,0.0,RUNNING,177341,39.7,2.00,0.0,RUNNING
2025-09-15 04:09:30,562.8,1.94,0.51,31.9,1.32,0.51,0.14,0.97,0.26,26.5,,0.0,0.00,0.0,STOPPED,177331,53.0,2.67,0.0,RUNNING,177333,53.3,2.68,0.0,RUNNING,177335,52.5,2.64,0.0,RUNNING,177337,53.4,2.69,0.0,RUNNING,177339,72.4,3.64,0.0,RUNNING,177341,39.7,2.00,0.0,RUNNING
2025-09-15 04:09:40,573.0,1.94,0.51,31.9,1.32,0.51,0.14,0.97,0.26,26.5,,0.0,0.00,0.0,STOPPED,177331,53.0,2.67,0.0,RUNNING,177333,53.3,2.68,0.0,RUNNING,177335,52.5,2.64,0.0,RUNNING,177337,53.4,2.69,0.0,RUNNING,177339,72.4,3.64,0.0,RUNNING,177341,39.7,2.00,0.0,RUNNING
2025-09-15 04:09:50,583.2,1.94,0.51,31.9,1.32,0.51,0.14,0.97,0.26,26.5,,0.0,0.00,0.0,STOPPED,177331,53.0,2.67,0.0,RUNNING,177333,53.3,2.68,0.0,RUNNING,177335,52.5,2.64,0.0,RUNNING,177337,53.4,2.69,0.0,RUNNING,177339,72.4,3.64,0.0,RUNNING,177341,39.7,2.00,0.0,RUNNING
2025-09-15 04:10:01,593.4,1.94,0.51,31.9,1.32,0.51,0.14,0.97,0.26,26.5,,0.0,0.00,0.0,STOPPED,177331,53.0,2.67,0.0,RUNNING,177333,53.3,2.68,0.0,RUNNING,177335,52.5,2.64,0.0,RUNNING,177337,53.4,2.69,0.0,RUNNING,177339,72.4,3.64,0.0,RUNNING,177341,39.7,2.00,0.0,RUNNING
2025-09-15 04:10:11,603.6,1.94,0.51,31.9,1.32,0.51,0.14,0.97,0.26,26.5,,0.0,0.00,0.0,STOPPED,177331,53.0,2.67,0.0,RUNNING,177333,53.3,2.68,0.0,RUNNING,177335,52.5,2.64,0.0,RUNNING,177337,53.4,2.69,0.0,RUNNING,177339,72.4,3.64,0.0,RUNNING,177341,39.7,2.00,0.0,RUNNING
2025-09-15 04:10:21,613.9,1.94,0.51,31.9,1.32,0.51,0.14,0.97,0.26,26.5,,0.0,0.00,0.0,STOPPED,177331,53.0,2.67,0.0,RUNNING,177333,53.3,2.68,0.0,RUNNING,177335,52.5,2.64,0.0,RUNNING,177337,53.4,2.69,0.0,RUNNING,177339,72.4,3.64,0.0,RUNNING,177341,39.7,2.00,0.0,RUNNING
2025-09-15 04:10:31,624.1,1.94,0.51,31.9,1.32,0.51,0.14,0.97,0.26,26.5,,0.0,0.00,0.0,STOPPED,177331,53.0,2.67,0.0,RUNNING,177333,53.3,2.68,0.0,RUNNING,177335,52.5,2.64,0.0,RUNNING,177337,53.4,2.69,0.0,RUNNING,177339,72.4,3.64,0.0,RUNNING,177341,39.7,2.00,0.0,RUNNING
2025-09-15 04:10:42,634.3,1.94,0.51,31.9,1.32,0.51,0.14,0.97,0.26,26.5,,0.0,0.00,0.0,STOPPED,177331,53.0,2.67,0.0,RUNNING,177333,53.3,2.68,0.0,RUNNING,177335,52.5,2.64,0.0,RUNNING,177337,53.4,2.69,0.0,RUNNING,177339,72.4,3.64,0.0,RUNNING,177341,39.7,2.00,0.0,RUNNING
2025-09-15 04:10:52,644.6,1.94,0.51,31.9,1.32,0.51,0.14,0.97,0.26,26.5,,0.0,0.00,0.0,STOPPED,177331,53.0,2.67,0.0,RUNNING,177333,53.3,2.68,0.0,RUNNING,177335,52.5,2.64,0.0,RUNNING,177337,53.4,2.69,0.0,RUNNING,177339,72.4,3.64,0.0,RUNNING,177341,39.7,2.00,0.0,RUNNING
2025-09-15 04:11:02,654.8,1.94,0.51,31.9,1.32,0.51,0.14,0.97,0.26,26.5,,0.0,0.00,0.0,STOPPED,177331,53.0,2.67,0.0,RUNNING,177333,53.3,2.68,0.0,RUNNING,177335,52.5,2.64,0.0,RUNNING,177337,53.4,2.69,0.0,RUNNING,177339,72.4,3.64,0.0,RUNNING,177341,39.7,2.00,0.0,RUNNING
2025-09-15 04:11:12,665.0,1.94,0.51,31.9,1.32,0.51,0.14,0.97,0.26,26.5,,0.0,0.00,0.0,STOPPED,177331,53.0,2.67,0.0,RUNNING,177333,53.3,2.68,0.0,RUNNING,177335,52.5,2.64,0.0,RUNNING,177337,53.4,2.69,0.0,RUNNING,177339,72.4,3.64,0.0,RUNNING,177341,39.7,2.00,0.0,RUNNING
2025-09-15 04:11:22,675.3,1.94,0.51,32.0,1.32,0.51,0.14,0.97,0.26,26.5,,0.0,0.00,0.0,STOPPED,177331,53.0,2.67,0.0,RUNNING,177333,53.3,2.68,0.0,RUNNING,177335,52.5,2.64,0.0,RUNNING,177337,53.4,2.69,0.0,RUNNING,177339,72.4,3.64,0.0,RUNNING,177341,39.7,2.00,0.0,RUNNING
2025-09-15 04:11:33,685.5,1.94,0.51,32.0,1.32,0.51,0.14,0.97,0.26,26.5,,0.0,0.00,0.0,STOPPED,177331,53.0,2.67,0.0,RUNNING,177333,53.3,2.68,0.0,RUNNING,177335,52.5,2.64,0.0,RUNNING,177337,53.4,2.69,0.0,RUNNING,177339,72.4,3.64,0.0,RUNNING,177341,39.7,2.00,0.0,RUNNING
2025-09-15 04:11:43,695.7,1.94,0.51,32.0,1.32,0.51,0.14,0.97,0.26,26.5,,0.0,0.00,0.0,STOPPED,177331,53.0,2.67,0.0,RUNNING,177333,53.3,2.68,0.0,RUNNING,177335,52.5,2.64,0.0,RUNNING,177337,53.4,2.69,0.0,RUNNING,177339,72.4,3.64,0.0,RUNNING,177341,39.7,2.00,0.0,RUNNING
2025-09-15 04:11:53,705.9,1.94,0.51,32.0,1.32,0.51,0.14,0.97,0.26,26.5,,0.0,0.00,0.0,STOPPED,177331,53.0,2.67,0.0,RUNNING,177333,53.3,2.68,0.0,RUNNING,177335,52.5,2.64,0.0,RUNNING,177337,53.4,2.69,0.0,RUNNING,177339,72.4,3.64,0.0,RUNNING,177341,39.7,2.00,0.0,RUNNING
2025-09-15 04:12:03,716.2,1.94,0.51,32.0,1.32,0.51,0.14,0.97,0.26,26.5,,0.0,0.00,0.0,STOPPED,177331,53.0,2.67,0.0,RUNNING,177333,53.3,2.68,0.0,RUNNING,177335,52.5,2.64,0.0,RUNNING,177337,53.4,2.69,0.0,RUNNING,177339,72.4,3.64,0.0,RUNNING,177341,39.7,2.00,0.0,RUNNING
2025-09-15 04:12:14,726.4,1.94,0.51,32.0,1.32,0.51,0.14,0.97,0.26,26.5,,0.0,0.00,0.0,STOPPED,177331,53.0,2.67,0.0,RUNNING,177333,53.3,2.68,0.0,RUNNING,177335,52.5,2.64,0.0,RUNNING,177337,53.4,2.69,0.0,RUNNING,177339,72.4,3.64,0.0,RUNNING,177341,39.7,2.00,0.0,RUNNING
2025-09-15 04:12:24,736.6,1.94,0.51,32.0,1.32,0.51,0.14,0.97,0.26,26.5,,0.0,0.00,0.0,STOPPED,177331,53.0,2.67,0.0,RUNNING,177333,53.3,2.68,0.0,RUNNING,177335,52.5,2.64,0.0,RUNNING,177337,53.4,2.69,0.0,RUNNING,177339,72.4,3.64,0.0,RUNNING,177341,39.7,2.00,0.0,RUNNING
2025-09-15 04:12:34,746.9,1.94,0.51,32.0,1.32,0.51,0.14,0.97,0.26,26.5,,0.0,0.00,0.0,STOPPED,177331,53.0,2.67,0.0,RUNNING,177333,53.3,2.68,0.0,RUNNING,177335,52.5,2.64,0.0,RUNNING,177337,53.4,2.69,0.0,RUNNING,177339,72.4,3.64,0.0,RUNNING,177341,39.7,2.00,0.0,RUNNING
2025-09-15 04:12:44,757.1,1.94,0.51,32.0,1.32,0.51,0.14,0.97,0.26,26.5,,0.0,0.00,0.0,STOPPED,177331,53.0,2.67,0.0,RUNNING,177333,53.3,2.68,0.0,RUNNING,177335,52.5,2.64,0.0,RUNNING,177337,53.4,2.69,0.0,RUNNING,177339,72.4,3.64,0.0,RUNNING,177341,39.7,2.00,0.0,RUNNING
2025-09-15 04:12:55,767.3,1.94,0.51,32.0,1.32,0.51,0.14,0.97,0.26,26.5,,0.0,0.00,0.0,STOPPED,177331,53.0,2.67,0.0,RUNNING,177333,53.3,2.68,0.0,RUNNING,177335,52.5,2.64,0.0,RUNNING,177337,53.4,2.69,0.0,RUNNING,177339,72.4,3.64,0.0,RUNNING,177341,39.7,2.00,0.0,RUNNING
2025-09-15 04:13:05,777.5,1.94,0.51,32.0,1.32,0.51,0.14,0.97,0.26,26.5,,0.0,0.00,0.0,STOPPED,177331,53.0,2.67,0.0,RUNNING,177333,53.3,2.68,0.0,RUNNING,177335,52.5,2.64,0.0,RUNNING,177337,53.4,2.69,0.0,RUNNING,177339,72.4,3.64,0.0,RUNNING,177341,39.7,2.00,0.0,RUNNING
2025-09-15 04:13:15,787.8,1.94,0.51,32.0,1.32,0.51,0.14,0.97,0.26,26.5,,0.0,0.00,0.0,STOPPED,177331,53.0,2.67,0.0,RUNNING,177333,53.3,2.68,0.0,RUNNING,177335,52.5,2.64,0.0,RUNNING,177337,53.4,2.69,0.0,RUNNING,177339,72.4,3.64,0.0,RUNNING,177341,39.7,2.00,0.0,RUNNING
2025-09-15 04:13:25,798.0,1.94,0.51,32.0,1.32,0.51,0.14,0.97,0.26,26.5,,0.0,0.00,0.0,STOPPED,177331,53.0,2.67,0.0,RUNNING,177333,53.3,2.68,0.0,RUNNING,177335,52.5,2.64,0.0,RUNNING,177337,53.4,2.69,0.0,RUNNING,177339,72.4,3.64,0.0,RUNNING,177341,39.7,2.00,0.0,RUNNING
2025-09-15 04:13:35,808.2,1.94,0.51,32.1,1.32,0.51,0.14,0.97,0.26,26.5,,0.0,0.00,0.0,STOPPED,177331,53.0,2.67,0.0,RUNNING,177333,53.3,2.68,0.0,RUNNING,177335,52.5,2.64,0.0,RUNNING,177337,53.4,2.69,0.0,RUNNING,177339,72.4,3.64,0.0,RUNNING,177341,39.7,2.00,0.0,RUNNING
2025-09-15 04:13:46,818.5,1.94,0.51,32.1,1.32,0.51,0.14,0.97,0.26,26.5,,0.0,0.00,0.0,STOPPED,177331,53.0,2.67,0.0,RUNNING,177333,53.3,2.68,0.0,RUNNING,177335,52.5,2.64,0.0,RUNNING,177337,53.4,2.69,0.0,RUNNING,177339,72.4,3.64,0.0,RUNNING,177341,39.7,2.00,0.0,RUNNING
2025-09-15 04:13:56,828.7,1.94,0.51,32.1,1.32,0.51,0.14,0.97,0.26,26.5,,0.0,0.00,0.0,STOPPED,177331,53.0,2.67,0.0,RUNNING,177333,53.3,2.68,0.0,RUNNING,177335,52.5,2.64,0.0,RUNNING,177337,53.4,2.69,0.0,RUNNING,177339,72.4,3.64,0.0,RUNNING,177341,39.7,2.00,0.0,RUNNING
2025-09-15 04:14:06,838.9,1.94,0.51,32.2,1.32,0.51,0.14,0.97,0.26,26.5,,0.0,0.00,0.0,STOPPED,177331,53.0,2.67,0.0,RUNNING,177333,53.3,2.68,0.0,RUNNING,177335,52.5,2.64,0.0,RUNNING,177337,53.4,2.69,0.0,RUNNING,177339,72.4,3.64,0.0,RUNNING,177341,39.7,2.00,0.0,RUNNING
2025-09-15 04:14:16,849.2,1.94,0.51,32.2,1.32,0.51,0.14,0.97,0.26,26.5,,0.0,0.00,0.0,STOPPED,177331,53.0,2.67,0.0,RUNNING,177333,53.3,2.68,0.0,RUNNING,177335,52.5,2.64,0.0,RUNNING,177337,53.4,2.69,0.0,RUNNING,177339,72.4,3.64,0.0,RUNNING,177341,39.7,2.00,0.0,RUNNING
2025-09-15 04:14:27,859.4,1.94,0.51,32.2,1.32,0.51,0.14,0.97,0.26,26.5,,0.0,0.00,0.0,STOPPED,177331,53.0,2.67,0.0,RUNNING,177333,53.3,2.68,0.0,RUNNING,177335,52.5,2.64,0.0,RUNNING,177337,53.4,2.69,0.0,RUNNING,177339,72.4,3.64,0.0,RUNNING,177341,39.7,2.00,0.0,RUNNING
2025-09-15 04:14:37,869.6,1.94,0.51,32.2,1.32,0.51,0.14,0.97,0.26,26.5,,0.0,0.00,0.0,STOPPED,177331,53.0,2.67,0.0,RUNNING,177333,53.3,2.68,0.0,RUNNING,177335,52.5,2.64,0.0,RUNNING,177337,53.4,2.69,0.0,RUNNING,177339,72.4,3.64,0.0,RUNNING,177341,39.7,2.00,0.0,RUNNING
2025-09-15 04:14:47,879.9,1.94,0.51,32.2,1.32,0.51,0.14,0.97,0.26,26.5,,0.0,0.00,0.0,STOPPED,177331,53.0,2.67,0.0,RUNNING,177333,53.3,2.68,0.0,RUNNING,177335,52.5,2.64,3558.2,RUNNING,177337,53.4,2.69,0.0,RUNNING,177339,72.4,3.64,0.0,RUNNING,177341,39.7,2.00,0.0,RUNNING
2025-09-15 04:14:57,890.1,1.94,0.51,32.2,1.32,0.51,0.14,0.97,0.26,26.5,,0.0,0.00,0.0,STOPPED,177331,53.0,2.67,0.0,RUNNING,177333,53.3,2.68,0.0,RUNNING,177335,52.5,2.64,0.0,RUNNING,177337,53.4,2.69,0.0,RUNNING,177339,72.4,3.64,0.0,RUNNING,177341,39.7,2.00,0.0,RUNNING
2025-09-15 04:15:08,900.3,1.94,0.52,31.7,1.32,0.51,0.14,0.97,0.26,26.5,,0.0,0.00,0.0,STOPPED,177331,53.0,2.67,0.0,RUNNING,177333,53.3,2.68,0.0,RUNNING,177335,52.5,2.64,0.0,RUNNING,177337,53.4,2.69,0.0,RUNNING,177339,72.4,3.64,0.0,RUNNING,177341,39.7,2.00,0.0,RUNNING
2025-09-15 04:15:18,910.5,1.94,0.52,31.7,1.32,0.51,0.14,0.97,0.26,26.5,,0.0,0.00,0.0,STOPPED,177331,53.0,2.67,0.0,RUNNING,177333,53.3,2.68,0.0,RUNNING,177335,52.5,2.64,0.0,RUNNING,177337,53.4,2.69,0.0,RUNNING,177339,72.4,3.64,0.0,RUNNING,177341,39.7,2.00,0.0,RUNNING
2025-09-15 04:15:28,920.7,1.94,0.52,31.7,1.32,0.51,0.14,0.97,0.26,26.5,,0.0,0.00,0.0,STOPPED,177331,53.0,2.67,0.0,RUNNING,177333,53.3,2.68,0.0,RUNNING,177335,52.5,2.64,0.0,RUNNING,177337,53.4,2.69,0.0,RUNNING,177339,72.4,3.64,0.0,RUNNING,177341,39.7,2.00,0.0,RUNNING
2025-09-15 04:15:38,930.9,1.94,0.52,31.8,1.32,0.51,0.14,0.97,0.26,26.5,,0.0,0.00,0.0,STOPPED,177331,53.0,2.67,0.0,RUNNING,177333,53.3,2.68,0.0,RUNNING,177335,52.5,2.64,0.0,RUNNING,177337,53.4,2.69,0.0,RUNNING,177339,72.4,3.64,0.0,RUNNING,177341,39.7,2.00,0.0,RUNNING
2025-09-15 04:15:48,941.2,1.94,0.52,31.8,1.32,0.51,0.14,0.97,0.26,26.5,,0.0,0.00,0.0,STOPPED,177331,53.0,2.67,0.0,RUNNING,177333,53.3,2.68,0.0,RUNNING,177335,52.5,2.64,0.0,RUNNING,177337,53.4,2.69,0.0,RUNNING,177339,72.4,3.64,0.0,RUNNING,177341,39.7,2.00,0.0,RUNNING
2025-09-15 04:15:59,951.4,1.94,0.52,31.8,1.32,0.51,0.14,0.97,0.26,26.5,,0.0,0.00,0.0,STOPPED,177331,53.0,2.67,0.0,RUNNING,177333,53.3,2.68,0.0,RUNNING,177335,52.5,2.64,0.0,RUNNING,177337,53.4,2.69,0.0,RUNNING,177339,72.4,3.64,0.0,RUNNING,177341,39.7,2.00,0.0,RUNNING
2025-09-15 04:16:09,961.6,1.94,0.52,31.8,1.32,0.51,0.14,0.97,0.26,26.5,,0.0,0.00,0.0,STOPPED,177331,53.0,2.67,0.0,RUNNING,177333,53.3,2.68,0.0,RUNNING,177335,52.5,2.64,0.0,RUNNING,177337,53.4,2.69,0.0,RUNNING,177339,72.4,3.64,0.0,RUNNING,177341,39.7,2.00,0.0,RUNNING
2025-09-15 04:16:19,971.8,1.94,0.52,31.8,1.32,0.51,0.14,0.97,0.26,26.5,,0.0,0.00,0.0,STOPPED,177331,53.0,2.67,0.0,RUNNING,177333,53.3,2.68,0.0,RUNNING,177335,52.5,2.64,0.0,RUNNING,177337,53.4,2.69,0.0,RUNNING,177339,72.4,3.64,0.0,RUNNING,177341,39.7,2.00,0.0,RUNNING
2025-09-15 04:16:29,982.1,1.94,0.52,31.8,1.32,0.51,0.14,0.97,0.26,26.5,,0.0,0.00,0.0,STOPPED,177331,53.0,2.67,0.0,RUNNING,177333,53.3,2.68,0.0,RUNNING,177335,52.5,2.64,0.0,RUNNING,177337,53.4,2.69,0.0,RUNNING,177339,72.4,3.64,0.0,RUNNING,177341,39.7,2.00,0.0,RUNNING
2025-09-15 04:16:39,992.3,1.94,0.52,31.7,1.32,0.52,0.14,0.97,0.26,26.5,,0.0,0.00,0.0,STOPPED,177331,53.0,2.67,0.0,RUNNING,177333,53.3,2.68,0.0,RUNNING,177335,52.5,2.64,0.0,RUNNING,177337,53.4,2.69,0.0,RUNNING,177339,72.4,3.64,0.0,RUNNING,177341,39.7,2.00,0.0,RUNNING
2025-09-15 04:16:50,1002.5,1.94,0.52,31.9,1.32,0.52,0.14,0.97,0.26,26.5,,0.0,0.00,0.0,STOPPED,177331,53.0,2.67,0.0,RUNNING,177333,53.3,2.68,0.0,RUNNING,177335,52.5,2.64,0.0,RUNNING,177337,53.4,2.69,0.0,RUNNING,177339,72.4,3.64,0.0,RUNNING,177341,39.7,2.00,0.0,RUNNING
2025-09-15 04:17:00,1012.8,1.94,0.52,31.8,1.32,0.52,0.14,0.97,0.26,26.5,,0.0,0.00,0.0,STOPPED,177331,53.0,2.67,0.0,RUNNING,177333,53.3,2.68,0.0,RUNNING,177335,52.5,2.64,0.0,RUNNING,177337,53.4,2.69,0.0,RUNNING,177339,72.4,3.64,0.0,RUNNING,177341,39.7,2.00,0.0,RUNNING
2025-09-15 04:17:10,1023.0,1.94,0.52,31.9,1.32,0.52,0.14,0.97,0.26,26.5,,0.0,0.00,0.0,STOPPED,177331,53.0,2.67,0.0,RUNNING,177333,53.3,2.68,0.0,RUNNING,177335,52.5,2.64,0.0,RUNNING,177337,53.4,2.69,0.0,RUNNING,177339,72.4,3.64,0.0,RUNNING,177341,39.7,2.00,0.0,RUNNING
2025-09-15 04:17:21,1033.3,1.94,0.52,31.9,1.32,0.52,0.14,0.97,0.26,26.5,,0.0,0.00,0.0,STOPPED,177331,53.0,2.67,0.0,RUNNING,177333,53.3,2.68,0.0,RUNNING,177335,52.5,2.64,0.0,RUNNING,177337,53.4,2.69,0.0,RUNNING,177339,72.4,3.64,0.0,RUNNING,177341,39.7,2.00,0.0,RUNNING
2025-09-15 04:17:31,1043.5,1.94,0.52,31.9,1.32,0.52,0.14,0.97,0.26,26.5,,0.0,0.00,0.0,STOPPED,177331,53.0,2.67,0.0,RUNNING,177333,53.3,2.68,0.0,RUNNING,177335,52.5,2.64,0.0,RUNNING,177337,53.4,2.69,0.0,RUNNING,177339,72.4,3.64,0.0,RUNNING,177341,39.7,2.00,0.0,RUNNING
2025-09-15 04:17:41,1053.8,1.94,0.52,31.9,1.32,0.52,0.14,0.97,0.26,26.5,,0.0,0.00,0.0,STOPPED,177331,53.0,2.67,0.0,RUNNING,177333,53.3,2.68,0.0,RUNNING,177335,52.5,2.64,0.0,RUNNING,177337,53.4,2.69,0.0,RUNNING,177339,72.4,3.64,0.0,RUNNING,177341,39.7,2.00,0.0,RUNNING
2025-09-15 04:17:51,1064.1,1.94,0.52,31.9,1.32,0.52,0.14,0.97,0.26,26.5,,0.0,0.00,0.0,STOPPED,177331,53.0,2.67,0.0,RUNNING,177333,53.3,2.68,0.0,RUNNING,177335,52.5,2.64,0.0,RUNNING,177337,53.4,2.69,0.0,RUNNING,177339,72.4,3.64,0.0,RUNNING,177341,39.7,2.00,0.0,RUNNING
2025-09-15 04:18:02,1074.4,1.94,0.52,31.9,1.32,0.52,0.14,0.97,0.26,26.5,,0.0,0.00,0.0,STOPPED,177331,53.0,2.67,0.0,RUNNING,177333,53.3,2.68,0.0,RUNNING,177335,52.5,2.64,0.0,RUNNING,177337,53.4,2.69,0.0,RUNNING,177339,72.4,3.64,0.0,RUNNING,177341,39.7,2.00,0.0,RUNNING
2025-09-15 04:18:12,1084.6,1.94,0.52,31.9,1.32,0.52,0.14,0.97,0.26,26.5,,0.0,0.00,0.0,STOPPED,177331,53.0,2.67,0.0,RUNNING,177333,53.3,2.68,0.0,RUNNING,177335,52.5,2.64,0.0,RUNNING,177337,53.4,2.69,0.0,RUNNING,177339,72.4,3.64,0.0,RUNNING,177341,39.7,2.00,0.0,RUNNING
2025-09-15 04:18:22,1094.9,1.94,0.52,31.9,1.32,0.52,0.14,0.97,0.26,26.5,,0.0,0.00,0.0,STOPPED,177331,53.0,2.67,0.0,RUNNING,177333,53.3,2.68,0.0,RUNNING,177335,52.5,2.64,0.0,RUNNING,177337,53.4,2.69,0.0,RUNNING,177339,72.4,3.64,0.0,RUNNING,177341,39.7,2.00,0.0,RUNNING
2025-09-15 04:18:32,1105.1,1.94,0.52,31.9,1.32,0.52,0.14,0.97,0.26,26.5,,0.0,0.00,0.0,STOPPED,177331,53.0,2.67,0.0,RUNNING,177333,53.3,2.68,0.0,RUNNING,177335,52.5,2.64,0.0,RUNNING,177337,53.4,2.69,0.0,RUNNING,177339,72.4,3.64,0.0,RUNNING,177341,39.7,2.00,0.0,RUNNING
2025-09-15 04:18:43,1115.3,1.94,0.52,31.9,1.32,0.52,0.14,0.97,0.26,26.5,,0.0,0.00,0.0,STOPPED,177331,53.0,2.67,0.0,RUNNING,177333,53.3,2.68,0.0,RUNNING,177335,52.5,2.64,0.0,RUNNING,177337,53.4,2.69,0.0,RUNNING,177339,72.4,3.64,0.0,RUNNING,177341,39.7,2.00,0.0,RUNNING
2025-09-15 04:18:53,1125.5,1.94,0.52,31.8,1.32,0.52,0.14,0.97,0.26,26.5,,0.0,0.00,0.0,STOPPED,177331,53.0,2.67,0.0,RUNNING,177333,53.3,2.68,0.0,RUNNING,177335,52.5,2.64,0.0,RUNNING,177337,53.4,2.69,0.0,RUNNING,177339,72.4,3.64,0.0,RUNNING,177341,39.7,2.00,0.0,RUNNING
2025-09-15 04:19:03,1135.8,1.94,0.52,31.8,1.32,0.52,0.14,0.97,0.26,26.5,,0.0,0.00,0.0,STOPPED,177331,53.0,2.67,0.0,RUNNING,177333,53.3,2.68,0.0,RUNNING,177335,52.5,2.64,0.0,RUNNING,177337,53.4,2.69,0.0,RUNNING,177339,72.4,3.64,0.0,RUNNING,177341,39.7,2.00,0.0,RUNNING
2025-09-15 04:19:13,1146.0,1.94,0.52,31.8,1.32,0.52,0.14,0.97,0.26,26.5,,0.0,0.00,0.0,STOPPED,177331,53.0,2.67,0.0,RUNNING,177333,53.3,2.68,0.0,RUNNING,177335,52.5,2.64,0.0,RUNNING,177337,53.4,2.69,0.0,RUNNING,177339,72.4,3.64,0.0,RUNNING,177341,39.7,2.00,0.0,RUNNING
2025-09-15 04:19:23,1156.2,1.94,0.52,31.8,1.32,0.52,0.14,0.97,0.26,26.5,,0.0,0.00,0.0,STOPPED,177331,53.0,2.67,0.0,RUNNING,177333,53.3,2.68,0.0,RUNNING,177335,52.5,2.64,0.0,RUNNING,177337,53.4,2.69,0.0,RUNNING,177339,72.4,3.64,0.0,RUNNING,177341,39.7,2.00,0.0,RUNNING
2025-09-15 04:19:34,1166.4,1.94,0.51,31.9,1.32,0.52,0.14,0.97,0.26,26.5,,0.0,0.00,0.0,STOPPED,177331,53.0,2.67,0.0,RUNNING,177333,53.3,2.68,0.0,RUNNING,177335,52.5,2.64,0.0,RUNNING,177337,53.4,2.69,0.0,RUNNING,177339,72.4,3.64,0.0,RUNNING,177341,39.7,2.00,0.0,RUNNING
2025-09-15 04:19:44,1176.7,1.94,0.51,31.9,1.32,0.52,0.14,0.97,0.26,26.5,,0.0,0.00,0.0,STOPPED,177331,53.0,2.67,0.0,RUNNING,177333,53.3,2.68,0.0,RUNNING,177335,52.5,2.64,0.0,RUNNING,177337,53.4,2.69,0.0,RUNNING,177339,72.4,3.64,0.0,RUNNING,177341,39.7,2.00,0.0,RUNNING
2025-09-15 04:19:54,1186.9,1.94,0.51,31.9,1.32,0.52,0.14,0.97,0.26,26.5,,0.0,0.00,0.0,STOPPED,177331,53.0,2.67,0.0,RUNNING,177333,53.3,2.68,0.0,RUNNING,177335,52.5,2.64,0.0,RUNNING,177337,53.4,2.69,0.0,RUNNING,177339,72.4,3.64,0.0,RUNNING,177341,39.7,2.00,0.0,RUNNING
2025-09-15 04:20:04,1197.1,1.94,0.51,31.9,1.32,0.52,0.14,0.97,0.26,26.5,,0.0,0.00,0.0,STOPPED,177331,53.0,2.67,0.0,RUNNING,177333,53.3,2.68,0.0,RUNNING,177335,52.5,2.64,0.0,RUNNING,177337,53.4,2.69,0.0,RUNNING,177339,72.4,3.64,0.0,RUNNING,177341,39.7,2.00,0.0,RUNNING
2025-09-15 04:20:15,1207.4,1.94,0.51,31.9,1.32,0.52,0.14,0.97,0.26,26.5,,0.0,0.00,0.0,STOPPED,177331,53.0,2.67,0.0,RUNNING,177333,53.3,2.68,0.0,RUNNING,177335,52.5,2.64,0.0,RUNNING,177337,53.4,2.69,0.0,RUNNING,177339,72.4,3.64,0.0,RUNNING,177341,39.7,2.00,0.0,RUNNING
2025-09-15 04:20:25,1217.6,1.94,0.51,31.9,1.32,0.52,0.14,0.97,0.26,26.5,,0.0,0.00,0.0,STOPPED,177331,53.0,2.67,0.0,RUNNING,177333,53.3,2.68,0.0,RUNNING,177335,52.5,2.64,0.0,RUNNING,177337,53.4,2.69,0.0,RUNNING,177339,72.4,3.64,0.0,RUNNING,177341,39.7,2.00,0.0,RUNNING
2025-09-15 04:20:35,1227.8,1.94,0.51,31.9,1.32,0.52,0.14,0.97,0.26,26.5,,0.0,0.00,0.0,STOPPED,177331,53.0,2.67,0.0,RUNNING,177333,53.3,2.68,0.0,RUNNING,177335,52.5,2.64,0.0,RUNNING,177337,53.4,2.69,0.0,RUNNING,177339,72.4,3.64,0.0,RUNNING,177341,39.7,2.00,0.0,RUNNING
2025-09-15 04:20:45,1238.1,1.94,0.51,31.9,1.32,0.52,0.14,0.97,0.26,26.5,,0.0,0.00,0.0,STOPPED,177331,53.0,2.67,0.0,RUNNING,177333,53.3,2.68,0.0,RUNNING,177335,52.5,2.64,0.0,RUNNING,177337,53.4,2.69,0.0,RUNNING,177339,72.4,3.64,0.0,RUNNING,177341,39.7,2.00,0.0,RUNNING
2025-09-15 04:20:56,1248.3,1.94,0.51,31.9,1.32,0.52,0.14,0.97,0.26,26.5,,0.0,0.00,0.0,STOPPED,177331,53.0,2.67,0.0,RUNNING,177333,53.3,2.68,0.0,RUNNING,177335,52.5,2.64,0.0,RUNNING,177337,53.4,2.69,0.0,RUNNING,177339,72.4,3.64,0.0,RUNNING,177341,39.7,2.00,0.0,RUNNING
2025-09-15 04:21:06,1258.5,1.94,0.51,31.9,1.32,0.52,0.14,0.97,0.26,26.5,,0.0,0.00,0.0,STOPPED,177331,53.0,2.67,0.0,RUNNING,177333,53.3,2.68,0.0,RUNNING,177335,52.5,2.64,0.0,RUNNING,177337,53.4,2.69,0.0,RUNNING,177339,72.4,3.64,0.0,RUNNING,177341,39.7,2.00,0.0,RUNNING
2025-09-15 04:21:16,1268.8,1.94,0.51,31.9,1.32,0.52,0.14,0.97,0.26,26.5,,0.0,0.00,0.0,STOPPED,177331,53.0,2.67,0.0,RUNNING,177333,53.3,2.68,0.0,RUNNING,177335,52.5,2.64,0.0,RUNNING,177337,53.4,2.69,0.0,RUNNING,177339,72.4,3.64,0.0,RUNNING,177341,39.7,2.00,0.0,RUNNING
2025-09-15 04:21:26,1279.0,1.94,0.51,31.9,1.32,0.52,0.14,0.97,0.26,26.5,,0.0,0.00,0.0,STOPPED,177331,53.0,2.67,0.0,RUNNING,177333,53.3,2.68,0.0,RUNNING,177335,52.5,2.64,0.0,RUNNING,177337,53.4,2.69,0.0,RUNNING,177339,72.4,3.64,0.0,RUNNING,177341,39.7,2.00,0.0,RUNNING
2025-09-15 04:21:36,1289.2,1.94,0.51,31.9,1.32,0.52,0.14,0.97,0.26,26.5,,0.0,0.00,0.0,STOPPED,177331,53.0,2.67,0.0,RUNNING,177333,53.3,2.68,0.0,RUNNING,177335,52.5,2.64,0.0,RUNNING,177337,53.4,2.69,0.0,RUNNING,177339,72.4,3.64,0.0,RUNNING,177341,39.7,2.00,0.0,RUNNING
2025-09-15 04:21:47,1299.5,1.94,0.51,31.9,1.32,0.52,0.14,0.97,0.26,26.5,,0.0,0.00,0.0,STOPPED,177331,53.0,2.67,0.0,RUNNING,177333,53.3,2.68,0.0,RUNNING,177335,52.5,2.64,0.0,RUNNING,177337,53.4,2.69,0.0,RUNNING,177339,72.4,3.64,0.0,RUNNING,177341,39.7,2.00,0.0,RUNNING
2025-09-15 04:21:57,1309.7,1.94,0.51,31.9,1.32,0.52,0.14,0.97,0.26,26.5,,0.0,0.00,0.0,STOPPED,177331,53.0,2.67,0.0,RUNNING,177333,53.3,2.68,0.0,RUNNING,177335,52.5,2.64,0.0,RUNNING,177337,53.4,2.69,0.0,RUNNING,177339,72.4,3.64,0.0,RUNNING,177341,39.7,2.00,0.0,RUNNING
2025-09-15 04:22:07,1319.9,1.94,0.51,31.9,1.32,0.52,0.14,0.97,0.26,26.5,,0.0,0.00,0.0,STOPPED,177331,53.0,2.67,0.0,RUNNING,177333,53.3,2.68,0.0,RUNNING,177335,52.5,2.64,0.0,RUNNING,177337,53.4,2.69,0.0,RUNNING,177339,72.4,3.64,0.0,RUNNING,177341,39.7,2.00,0.0,RUNNING
2025-09-15 04:22:17,1330.2,1.94,0.51,31.9,1.32,0.52,0.14,0.97,0.26,26.5,,0.0,0.00,0.0,STOPPED,177331,53.0,2.67,0.0,RUNNING,177333,53.3,2.68,0.0,RUNNING,177335,52.5,2.64,0.0,RUNNING,177337,53.4,2.69,0.0,RUNNING,177339,72.4,3.64,0.0,RUNNING,177341,39.7,2.00,0.0,RUNNING
2025-09-15 04:22:28,1340.4,1.94,0.51,31.9,1.32,0.52,0.14,0.97,0.26,26.5,,0.0,0.00,0.0,STOPPED,177331,53.0,2.67,0.0,RUNNING,177333,53.3,2.68,0.0,RUNNING,177335,52.5,2.64,0.0,RUNNING,177337,53.4,2.69,0.0,RUNNING,177339,72.4,3.64,0.0,RUNNING,177341,39.7,2.00,0.0,RUNNING
2025-09-15 04:22:38,1350.6,1.94,0.51,31.9,1.32,0.52,0.14,0.97,0.26,26.5,,0.0,0.00,0.0,STOPPED,177331,53.0,2.67,0.0,RUNNING,177333,53.3,2.68,0.0,RUNNING,177335,52.5,2.64,0.0,RUNNING,177337,53.4,2.69,0.0,RUNNING,177339,72.4,3.64,0.0,RUNNING,177341,39.7,2.00,0.0,RUNNING
2025-09-15 04:22:48,1360.7,1.94,0.51,31.9,1.32,0.52,0.14,0.97,0.26,26.5,,0.0,0.00,0.0,STOPPED,177331,53.0,2.67,0.0,RUNNING,177333,53.3,2.68,0.0,RUNNING,177335,52.5,2.64,0.0,RUNNING,177337,53.4,2.69,0.0,RUNNING,177339,72.4,3.64,0.0,RUNNING,177341,39.7,2.00,0.0,RUNNING
2025-09-15 04:22:58,1371.0,1.94,0.51,31.9,1.32,0.52,0.14,0.97,0.26,26.5,,0.0,0.00,0.0,STOPPED,177331,53.0,2.67,0.0,RUNNING,177333,53.3,2.68,0.0,RUNNING,177335,52.5,2.64,0.0,RUNNING,177337,53.4,2.69,0.0,RUNNING,177339,72.4,3.64,0.0,RUNNING,177341,39.7,2.00,0.0,RUNNING
2025-09-15 04:23:08,1381.2,1.94,0.51,31.9,1.32,0.52,0.14,0.97,0.26,26.5,,0.0,0.00,0.0,STOPPED,177331,53.0,2.67,0.0,RUNNING,177333,53.3,2.68,0.0,RUNNING,177335,52.5,2.64,0.0,RUNNING,177337,53.4,2.69,0.0,RUNNING,177339,72.4,3.64,0.0,RUNNING,177341,39.7,2.00,0.0,RUNNING
2025-09-15 04:23:19,1391.5,1.94,0.51,31.9,1.32,0.52,0.14,0.97,0.26,26.5,,0.0,0.00,0.0,STOPPED,177331,53.0,2.67,0.0,RUNNING,177333,53.3,2.68,0.0,RUNNING,177335,52.5,2.64,0.0,RUNNING,177337,53.4,2.69,0.0,RUNNING,177339,72.6,3.66,0.0,RUNNING,177341,39.7,2.00,0.0,RUNNING
2025-09-15 04:23:29,1401.7,1.94,0.51,31.9,1.32,0.52,0.14,0.97,0.26,26.5,,0.0,0.00,0.0,STOPPED,177331,53.0,2.67,0.0,RUNNING,177333,53.3,2.68,0.0,RUNNING,177335,52.5,2.64,0.0,RUNNING,177337,53.4,2.69,0.0,RUNNING,177339,72.6,3.66,0.0,RUNNING,177341,39.7,2.00,0.0,RUNNING
2025-09-15 04:23:39,1412.0,1.94,0.51,31.9,1.32,0.52,0.14,0.97,0.26,26.5,,0.0,0.00,0.0,STOPPED,177331,53.0,2.67,0.0,RUNNING,177333,53.3,2.68,0.0,RUNNING,177335,52.5,2.64,0.0,RUNNING,177337,53.4,2.69,0.0,RUNNING,177339,72.6,3.66,0.0,RUNNING,177341,39.7,2.00,0.0,RUNNING
2025-09-15 04:23:49,1422.2,1.94,0.51,31.9,1.32,0.52,0.15,0.97,0.26,26.5,,0.0,0.00,0.0,STOPPED,177331,53.0,2.67,0.0,RUNNING,177333,53.3,2.68,0.0,RUNNING,177335,52.5,2.64,0.0,RUNNING,177337,53.4,2.69,0.0,RUNNING,177339,72.6,3.66,0.0,RUNNING,177341,39.7,2.00,0.0,RUNNING
2025-09-15 04:24:00,1432.5,1.94,0.51,31.9,1.32,0.52,0.15,0.97,0.26,26.5,,0.0,0.00,0.0,STOPPED,177331,53.0,2.67,0.0,RUNNING,177333,53.3,2.68,0.0,RUNNING,177335,52.5,2.64,0.0,RUNNING,177337,53.4,2.69,0.0,RUNNING,177339,72.6,3.66,0.0,RUNNING,177341,39.7,2.00,0.0,RUNNING
2025-09-15 04:24:10,1442.7,1.94,0.51,31.9,1.32,0.52,0.15,0.97,0.26,26.5,,0.0,0.00,0.0,STOPPED,177331,53.0,2.67,0.0,RUNNING,177333,53.3,2.68,0.0,RUNNING,177335,52.5,2.64,0.0,RUNNING,177337,53.4,2.69,0.0,RUNNING,177339,72.6,3.66,0.0,RUNNING,177341,39.7,2.00,0.0,RUNNING
2025-09-15 04:24:20,1452.9,1.94,0.51,31.9,1.32,0.52,0.15,0.97,0.26,26.5,,0.0,0.00,0.0,STOPPED,177331,53.0,2.67,0.0,RUNNING,177333,53.3,2.68,0.0,RUNNING,177335,52.5,2.64,0.0,RUNNING,177337,53.4,2.69,0.0,RUNNING,177339,72.6,3.66,0.0,RUNNING,177341,39.7,2.00,0.0,RUNNING
2025-09-15 04:24:30,1463.1,1.94,0.51,31.9,1.32,0.52,0.15,0.97,0.26,26.5,,0.0,0.00,0.0,STOPPED,177331,53.0,2.67,0.0,RUNNING,177333,53.3,2.68,0.0,RUNNING,177335,52.5,2.64,0.0,RUNNING,177337,53.4,2.69,0.0,RUNNING,177339,72.6,3.66,0.0,RUNNING,177341,39.7,2.00,0.0,RUNNING
2025-09-15 04:24:41,1473.4,1.94,0.51,31.9,1.32,0.52,0.15,0.97,0.26,26.5,,0.0,0.00,0.0,STOPPED,177331,53.0,2.67,0.0,RUNNING,177333,53.3,2.68,0.0,RUNNING,177335,52.5,2.64,0.0,RUNNING,177337,53.4,2.69,0.0,RUNNING,177339,72.6,3.66,0.0,RUNNING,177341,39.7,2.00,0.0,RUNNING
2025-09-15 04:24:51,1483.6,1.94,0.51,31.9,1.32,0.53,0.15,0.97,0.26,26.5,,0.0,0.00,0.0,STOPPED,177331,53.0,2.67,0.0,RUNNING,177333,53.3,2.68,0.0,RUNNING,177335,52.5,2.64,0.0,RUNNING,177337,53.4,2.69,0.0,RUNNING,177339,72.6,3.66,0.0,RUNNING,177341,39.7,2.00,0.0,RUNNING
2025-09-15 04:25:01,1493.9,1.94,0.51,31.9,1.32,0.53,0.15,0.97,0.26,26.5,,0.0,0.00,0.0,STOPPED,177331,53.0,2.67,0.0,RUNNING,177333,53.3,2.68,0.0,RUNNING,177335,52.5,2.64,0.0,RUNNING,177337,53.4,2.69,0.0,RUNNING,177339,72.6,3.66,0.0,RUNNING,177341,39.7,2.00,0.0,RUNNING
2025-09-15 04:25:11,1504.1,1.94,0.51,31.9,1.32,0.53,0.15,0.97,0.26,26.5,,0.0,0.00,0.0,STOPPED,177331,53.0,2.67,0.0,RUNNING,177333,53.3,2.68,0.0,RUNNING,177335,52.5,2.64,0.0,RUNNING,177337,53.4,2.69,0.0,RUNNING,177339,72.6,3.66,0.0,RUNNING,177341,39.7,2.00,0.0,RUNNING
2025-09-15 04:25:22,1514.3,1.94,0.51,31.9,1.32,0.53,0.15,0.97,0.26,26.5,,0.0,0.00,0.0,STOPPED,177331,53.0,2.67,0.0,RUNNING,177333,53.3,2.68,0.0,RUNNING,177335,52.5,2.64,0.0,RUNNING,177337,53.4,2.69,0.0,RUNNING,177339,72.6,3.66,0.0,RUNNING,177341,39.7,2.00,0.0,RUNNING
2025-09-15 04:25:32,1524.5,1.94,0.51,31.9,1.32,0.53,0.15,0.97,0.26,26.5,,0.0,0.00,0.0,STOPPED,177331,53.0,2.67,0.0,RUNNING,177333,53.3,2.68,0.0,RUNNING,177335,52.5,2.64,0.0,RUNNING,177337,53.4,2.69,0.0,RUNNING,177339,72.6,3.66,0.0,RUNNING,177341,39.7,2.00,0.0,RUNNING
2025-09-15 04:25:42,1534.7,1.94,0.51,31.9,1.32,0.53,0.15,0.97,0.26,26.5,,0.0,0.00,0.0,STOPPED,177331,53.0,2.67,0.0,RUNNING,177333,53.3,2.68,0.0,RUNNING,177335,52.5,2.64,0.0,RUNNING,177337,53.4,2.69,0.0,RUNNING,177339,72.6,3.66,0.0,RUNNING,177341,39.7,2.00,0.0,RUNNING
2025-09-15 04:25:52,1545.0,1.94,0.51,31.9,1.32,0.53,0.15,0.97,0.26,26.5,,0.0,0.00,0.0,STOPPED,177331,53.0,2.67,0.0,RUNNING,177333,53.3,2.68,0.0,RUNNING,177335,52.5,2.64,0.0,RUNNING,177337,53.4,2.69,0.0,RUNNING,177339,72.6,3.66,0.0,RUNNING,177341,39.7,2.00,0.0,RUNNING
2025-09-15 04:26:02,1555.1,1.94,0.51,31.9,1.32,0.53,0.15,0.97,0.26,26.5,,0.0,0.00,0.0,STOPPED,177331,53.0,2.67,0.0,RUNNING,177333,53.3,2.68,0.0,RUNNING,177335,52.5,2.64,0.0,RUNNING,177337,53.4,2.69,0.0,RUNNING,177339,72.6,3.66,0.0,RUNNING,177341,39.7,2.00,0.0,RUNNING
2025-09-15 04:26:13,1565.4,1.94,0.51,31.9,1.32,0.53,0.15,0.97,0.26,26.5,,0.0,0.00,0.0,STOPPED,177331,53.0,2.67,0.0,RUNNING,177333,53.3,2.68,0.0,RUNNING,177335,52.5,2.64,0.0,RUNNING,177337,53.4,2.69,0.0,RUNNING,177339,72.6,3.66,0.0,RUNNING,177341,39.7,2.00,0.0,RUNNING
2025-09-15 04:26:23,1575.7,1.94,0.51,31.9,1.32,0.53,0.15,0.97,0.26,26.5,,0.0,0.00,0.0,STOPPED,177331,53.0,2.67,0.0,RUNNING,177333,53.3,2.68,0.0,RUNNING,177335,52.5,2.64,0.0,RUNNING,177337,53.4,2.69,0.0,RUNNING,177339,72.6,3.66,0.0,RUNNING,177341,39.7,2.00,0.0,RUNNING
2025-09-15 04:26:33,1585.9,1.94,0.51,31.9,1.32,0.53,0.15,0.97,0.26,26.5,,0.0,0.00,0.0,STOPPED,177331,53.0,2.67,0.0,RUNNING,177333,53.3,2.68,0.0,RUNNING,177335,52.5,2.64,0.0,RUNNING,177337,53.4,2.69,0.0,RUNNING,177339,72.6,3.66,0.0,RUNNING,177341,39.7,2.00,0.0,RUNNING
2025-09-15 04:26:43,1596.1,1.94,0.51,31.9,1.32,0.53,0.15,0.97,0.26,26.5,,0.0,0.00,0.0,STOPPED,177331,53.0,2.67,0.0,RUNNING,177333,53.3,2.68,0.0,RUNNING,177335,52.5,2.64,0.0,RUNNING,177337,53.4,2.69,0.0,RUNNING,177339,72.6,3.66,0.0,RUNNING,177341,39.7,2.00,0.0,RUNNING
2025-09-15 04:26:54,1606.4,1.94,0.51,31.9,1.32,0.53,0.15,0.97,0.26,26.5,,0.0,0.00,0.0,STOPPED,177331,53.0,2.67,0.0,RUNNING,177333,53.3,2.68,0.0,RUNNING,177335,52.5,2.64,0.0,RUNNING,177337,53.4,2.69,0.0,RUNNING,177339,72.6,3.66,0.0,RUNNING,177341,39.7,2.00,0.0,RUNNING
2025-09-15 04:27:04,1616.6,1.94,0.51,31.9,1.32,0.53,0.15,0.97,0.26,26.5,,0.0,0.00,0.0,STOPPED,177331,53.0,2.67,0.0,RUNNING,177333,53.3,2.68,0.0,RUNNING,177335,52.5,2.64,0.0,RUNNING,177337,53.4,2.69,0.0,RUNNING,177339,72.6,3.66,0.0,RUNNING,177341,39.7,2.00,0.0,RUNNING
2025-09-15 04:27:14,1626.8,1.94,0.51,31.9,1.32,0.53,0.15,0.97,0.26,26.5,,0.0,0.00,0.0,STOPPED,177331,53.0,2.67,0.0,RUNNING,177333,53.3,2.68,0.0,RUNNING,177335,52.5,2.64,0.0,RUNNING,177337,53.4,2.69,0.0,RUNNING,177339,72.6,3.66,0.0,RUNNING,177341,39.7,2.00,0.0,RUNNING
2025-09-15 04:27:24,1637.0,1.94,0.51,31.9,1.32,0.53,0.15,0.97,0.26,26.5,,0.0,0.00,0.0,STOPPED,177331,53.0,2.67,0.0,RUNNING,177333,53.3,2.68,0.0,RUNNING,177335,52.5,2.64,0.0,RUNNING,177337,53.4,2.69,0.0,RUNNING,177339,72.6,3.66,0.0,RUNNING,177341,39.7,2.00,0.0,RUNNING
2025-09-15 04:27:34,1647.2,1.94,0.51,32.0,1.32,0.53,0.15,0.97,0.26,26.5,,0.0,0.00,0.0,STOPPED,177331,53.0,2.67,0.0,RUNNING,177333,53.3,2.68,0.0,RUNNING,177335,52.5,2.64,0.0,RUNNING,177337,53.4,2.69,0.0,RUNNING,177339,72.6,3.66,0.0,RUNNING,177341,39.7,2.00,0.0,RUNNING
2025-09-15 04:27:45,1657.5,1.94,0.51,31.9,1.32,0.53,0.15,0.97,0.26,26.5,,0.0,0.00,0.0,STOPPED,177331,53.0,2.67,0.0,RUNNING,177333,53.3,2.68,0.0,RUNNING,177335,52.5,2.64,0.0,RUNNING,177337,53.4,2.69,0.0,RUNNING,177339,72.6,3.66,0.0,RUNNING,177341,39.7,2.00,0.0,RUNNING
2025-09-15 04:27:55,1667.7,1.94,0.51,32.0,1.32,0.53,0.15,0.97,0.26,26.5,,0.0,0.00,0.0,STOPPED,177331,53.0,2.67,0.0,RUNNING,177333,53.3,2.68,0.0,RUNNING,177335,52.5,2.64,0.0,RUNNING,177337,53.4,2.69,0.0,RUNNING,177339,72.6,3.66,0.0,RUNNING,177341,39.7,2.00,0.0,RUNNING
2025-09-15 04:28:05,1677.9,1.94,0.51,32.0,1.32,0.53,0.15,0.97,0.26,26.5,,0.0,0.00,0.0,STOPPED,177331,53.0,2.67,0.0,RUNNING,177333,53.3,2.68,0.0,RUNNING,177335,52.5,2.64,0.0,RUNNING,177337,53.4,2.69,0.0,RUNNING,177339,72.6,3.66,0.0,RUNNING,177341,39.7,2.00,0.0,RUNNING
2025-09-15 04:28:15,1688.2,1.94,0.51,32.0,1.32,0.53,0.15,0.97,0.26,26.5,,0.0,0.00,0.0,STOPPED,177331,53.0,2.67,0.0,RUNNING,177333,53.3,2.68,0.0,RUNNING,177335,52.5,2.64,0.0,RUNNING,177337,53.4,2.69,0.0,RUNNING,177339,72.6,3.66,0.0,RUNNING,177341,39.7,2.00,0.0,RUNNING
2025-09-15 04:28:26,1698.4,1.94,0.51,32.0,1.32,0.53,0.15,0.97,0.26,26.5,,0.0,0.00,0.0,STOPPED,177331,53.0,2.67,0.0,RUNNING,177333,53.3,2.68,0.0,RUNNING,177335,52.5,2.64,0.0,RUNNING,177337,53.4,2.69,0.0,RUNNING,177339,72.6,3.66,0.0,RUNNING,177341,39.7,2.00,0.0,RUNNING
2025-09-15 04:28:36,1708.7,1.94,0.51,32.0,1.32,0.53,0.15,0.97,0.26,26.5,,0.0,0.00,0.0,STOPPED,177331,53.0,2.67,0.0,RUNNING,177333,53.3,2.68,0.0,RUNNING,177335,52.5,2.64,0.0,RUNNING,177337,53.4,2.69,0.0,RUNNING,177339,72.6,3.66,0.0,RUNNING,177341,39.7,2.00,0.0,RUNNING
2025-09-15 04:28:46,1719.0,1.94,0.51,32.0,1.32,0.53,0.15,0.97,0.26,26.5,,0.0,0.00,0.0,STOPPED,177331,53.0,2.67,0.0,RUNNING,177333,53.3,2.68,0.0,RUNNING,177335,52.5,2.64,0.0,RUNNING,177337,53.4,2.69,0.0,RUNNING,177339,72.6,3.66,0.0,RUNNING,177341,39.7,2.00,0.0,RUNNING
2025-09-15 04:28:56,1729.3,1.94,0.51,32.0,1.32,0.53,0.15,0.97,0.26,26.5,,0.0,0.00,0.0,STOPPED,177331,53.0,2.67,0.0,RUNNING,177333,53.3,2.68,0.0,RUNNING,177335,52.5,2.64,0.0,RUNNING,177337,53.4,2.69,0.0,RUNNING,177339,72.6,3.66,0.0,RUNNING,177341,39.7,2.00,0.0,RUNNING
2025-09-15 04:29:07,1739.5,1.94,0.51,32.0,1.32,0.53,0.15,0.97,0.26,26.5,,0.0,0.00,0.0,STOPPED,177331,53.0,2.67,0.0,RUNNING,177333,53.3,2.68,0.0,RUNNING,177335,52.5,2.64,0.0,RUNNING,177337,53.4,2.69,0.0,RUNNING,177339,72.6,3.66,0.0,RUNNING,177341,39.7,2.00,0.0,RUNNING
2025-09-15 04:29:17,1749.8,1.94,0.51,32.0,1.32,0.53,0.15,0.97,0.26,26.5,,0.0,0.00,0.0,STOPPED,177331,53.0,2.67,0.0,RUNNING,177333,53.3,2.68,0.0,RUNNING,177335,52.5,2.64,0.0,RUNNING,177337,53.4,2.69,0.0,RUNNING,177339,72.6,3.66,0.0,RUNNING,177341,39.7,2.00,0.0,RUNNING
2025-09-15 04:29:27,1760.0,1.94,0.51,32.0,1.32,0.53,0.15,0.97,0.26,26.5,,0.0,0.00,0.0,STOPPED,177331,53.0,2.67,0.0,RUNNING,177333,53.3,2.68,0.0,RUNNING,177335,52.5,2.64,0.0,RUNNING,177337,53.4,2.69,0.0,RUNNING,177339,72.6,3.66,0.0,RUNNING,177341,39.7,2.00,0.0,RUNNING
2025-09-15 04:29:37,1770.3,1.94,0.51,32.0,1.32,0.53,0.15,0.97,0.26,26.5,,0.0,0.00,0.0,STOPPED,177331,53.0,2.67,0.0,RUNNING,177333,53.3,2.68,0.0,RUNNING,177335,52.5,2.64,0.0,RUNNING,177337,53.4,2.69,0.0,RUNNING,177339,72.6,3.66,0.0,RUNNING,177341,39.7,2.00,0.0,RUNNING
2025-09-15 04:29:48,1780.5,1.94,0.51,32.0,1.32,0.53,0.15,0.97,0.26,26.5,,0.0,0.00,0.0,STOPPED,177331,53.0,2.67,0.0,RUNNING,177333,53.3,2.68,0.0,RUNNING,177335,52.5,2.64,0.0,RUNNING,177337,53.4,2.69,0.0,RUNNING,177339,72.6,3.66,0.0,RUNNING,177341,39.7,2.00,0.0,RUNNING
2025-09-15 04:29:58,1790.7,1.94,0.51,32.0,1.32,0.53,0.15,0.97,0.26,26.5,,0.0,0.00,0.0,STOPPED,177331,53.0,2.67,0.0,RUNNING,177333,53.3,2.68,0.0,RUNNING,177335,52.5,2.64,0.0,RUNNING,177337,53.4,2.69,0.0,RUNNING,177339,72.6,3.66,0.0,RUNNING,177341,39.7,2.00,0.0,RUNNING
2025-09-15 04:30:08,1800.9,1.94,0.51,32.1,1.32,0.53,0.15,0.97,0.26,26.5,,0.0,0.00,0.0,STOPPED,177331,53.0,2.67,0.0,RUNNING,177333,53.3,2.68,0.0,RUNNING,177335,52.5,2.64,0.0,RUNNING,177337,53.4,2.69,0.0,RUNNING,177339,72.6,3.66,0.0,RUNNING,177341,39.7,2.00,0.0,RUNNING
